{"files":["ax4bs2.scan-plast.net_wpvivid-64c11fe84fdfb_2023-07-26-16-30_backup_db.sql"],"tables":[{"name":"ax4bs2_gla_attribute_mapping_rules","size":16384,"rows":"0"},{"name":"ax4bs2_gla_merchant_issues","size":16384,"rows":"0"},{"name":"ax4bs2_mailpoet_automation_triggers","size":16384,"rows":"0"},{"name":"ax4bs2_mailpoet_automations","size":16384,"rows":"0"},{"name":"ax4bs2_mailpoet_forms","size":16384,"rows":"0"},{"name":"ax4bs2_mailpoet_log","size":16384,"rows":"0"},{"name":"ax4bs2_mailpoet_statistics_bounces","size":16384,"rows":"0"},{"name":"ax4bs2_mainwp_wpvivid","size":16384,"rows":"0"},{"name":"ax4bs2_mainwp_wpvivid_global","size":16384,"rows":"0"},{"name":"ax4bs2_mainwp_wpvivid_global_options","size":16384,"rows":"1"},{"name":"ax4bs2_mainwp_wpvividmeta","size":16384,"rows":"0"},{"name":"ax4bs2_tinvwl_items","size":16384,"rows":"0"},{"name":"ax4bs2_tinvwl_lists","size":16384,"rows":"1"},{"name":"ax4bs2_wc_category_lookup","size":16384,"rows":"1"},{"name":"ax4bs2_wc_reserved_stock","size":16384,"rows":"0"},{"name":"ax4bs2_woocommerce_shipping_zone_methods","size":16384,"rows":"1"},{"name":"ax4bs2_woocommerce_shipping_zones","size":16384,"rows":"1"},{"name":"ax4bs2_wpf_filters","size":16384,"rows":"0"},{"name":"ax4bs2_wpf_modules_type","size":16384,"rows":"2"},{"name":"ax4bs2_actionscheduler_claims","size":32768,"rows":"1"},{"name":"ax4bs2_actionscheduler_groups","size":32768,"rows":"5"},{"name":"ax4bs2_e_events","size":32768,"rows":"2"},{"name":"ax4bs2_gla_shipping_times","size":32768,"rows":"0"},{"name":"ax4bs2_links","size":32768,"rows":"0"},{"name":"ax4bs2_mailpoet_automation_versions","size":32768,"rows":"0"},{"name":"ax4bs2_mailpoet_custom_fields","size":32768,"rows":"0"},{"name":"ax4bs2_mailpoet_dynamic_segment_filters","size":32768,"rows":"0"},{"name":"ax4bs2_mailpoet_feature_flags","size":32768,"rows":"0"},{"name":"ax4bs2_mailpoet_migrations","size":32768,"rows":"15"},{"name":"ax4bs2_mailpoet_newsletter_option","size":32768,"rows":"0"},{"name":"ax4bs2_mailpoet_newsletter_option_fields","size":32768,"rows":"28"},{"name":"ax4bs2_mailpoet_newsletter_posts","size":32768,"rows":"0"},{"name":"ax4bs2_mailpoet_newsletter_segment","size":32768,"rows":"0"},{"name":"ax4bs2_mailpoet_scheduled_task_subscribers","size":32768,"rows":"0"},{"name":"ax4bs2_mailpoet_settings","size":32768,"rows":"13"},{"name":"ax4bs2_mailpoet_statistics_forms","size":32768,"rows":"0"},{"name":"ax4bs2_mailpoet_subscriber_custom_field","size":32768,"rows":"0"},{"name":"ax4bs2_mailpoet_subscriber_ips","size":32768,"rows":"0"},{"name":"ax4bs2_mailpoet_tags","size":32768,"rows":"0"},{"name":"ax4bs2_mailpoet_user_agents","size":32768,"rows":"0"},{"name":"ax4bs2_mailpoet_user_flags","size":32768,"rows":"0"},{"name":"ax4bs2_term_relationships","size":32768,"rows":"25"},{"name":"ax4bs2_tinvwl_analytics","size":32768,"rows":"1"},{"name":"ax4bs2_wc_product_attributes_lookup","size":32768,"rows":"0"},{"name":"ax4bs2_wc_product_download_directories","size":32768,"rows":"2"},{"name":"ax4bs2_wc_rate_limits","size":32768,"rows":"0"},{"name":"ax4bs2_wc_tax_rate_classes","size":32768,"rows":"2"},{"name":"ax4bs2_wc_webhooks","size":32768,"rows":"0"},{"name":"ax4bs2_woocommerce_attribute_taxonomies","size":32768,"rows":"0"},{"name":"ax4bs2_woocommerce_log","size":32768,"rows":"0"},{"name":"ax4bs2_woocommerce_order_items","size":32768,"rows":"0"},{"name":"ax4bs2_woocommerce_payment_tokens","size":32768,"rows":"0"},{"name":"ax4bs2_woocommerce_sessions","size":32768,"rows":"1"},{"name":"ax4bs2_wpf_meta_keys","size":32768,"rows":"7"},{"name":"ax4bs2_wpf_meta_values_bk","size":32768,"rows":"0"},{"name":"ax4bs2_wpf_modules","size":32768,"rows":"12"},{"name":"ax4bs2_wpf_usage_stat","size":32768,"rows":"1"},{"name":"ax4bs2_yoast_migrations","size":32768,"rows":"24"},{"name":"ax4bs2_actionscheduler_logs","size":49152,"rows":"58"},{"name":"ax4bs2_commentmeta","size":49152,"rows":"0"},{"name":"ax4bs2_gla_shipping_rates","size":49152,"rows":"0"},{"name":"ax4bs2_imagify_folders","size":49152,"rows":"0"},{"name":"ax4bs2_mailpoet_automation_run_subjects","size":49152,"rows":"0"},{"name":"ax4bs2_mailpoet_newsletters","size":49152,"rows":"0"},{"name":"ax4bs2_mailpoet_scheduled_tasks","size":49152,"rows":"7"},{"name":"ax4bs2_mailpoet_segments","size":49152,"rows":"3"},{"name":"ax4bs2_mailpoet_sending_queues","size":49152,"rows":"0"},{"name":"ax4bs2_mailpoet_statistics_newsletters","size":49152,"rows":"0"},{"name":"ax4bs2_mailpoet_stats_notifications","size":49152,"rows":"0"},{"name":"ax4bs2_mailpoet_subscriber_segment","size":49152,"rows":"2"},{"name":"ax4bs2_mailpoet_subscriber_tag","size":49152,"rows":"0"},{"name":"ax4bs2_term_taxonomy","size":49152,"rows":"17"},{"name":"ax4bs2_termmeta","size":49152,"rows":"1"},{"name":"ax4bs2_terms","size":49152,"rows":"17"},{"name":"ax4bs2_wc_customer_lookup","size":49152,"rows":"0"},{"name":"ax4bs2_wc_download_log","size":49152,"rows":"0"},{"name":"ax4bs2_wc_order_coupon_lookup","size":49152,"rows":"0"},{"name":"ax4bs2_wc_order_tax_lookup","size":49152,"rows":"0"},{"name":"ax4bs2_woocommerce_api_keys","size":49152,"rows":"0"},{"name":"ax4bs2_woocommerce_order_itemmeta","size":49152,"rows":"0"},{"name":"ax4bs2_woocommerce_payment_tokenmeta","size":49152,"rows":"0"},{"name":"ax4bs2_woocommerce_shipping_zone_locations","size":49152,"rows":"1"},{"name":"ax4bs2_woocommerce_tax_rate_locations","size":49152,"rows":"0"},{"name":"ax4bs2_wpf_meta_values","size":49152,"rows":"4"},{"name":"ax4bs2_yoast_primary_term","size":49152,"rows":"0"},{"name":"ax4bs2_mailpoet_automation_run_logs","size":65536,"rows":"0"},{"name":"ax4bs2_mailpoet_newsletter_links","size":65536,"rows":"0"},{"name":"ax4bs2_mailpoet_statistics_clicks","size":65536,"rows":"0"},{"name":"ax4bs2_mailpoet_statistics_unsubscribes","size":65536,"rows":"0"},{"name":"ax4bs2_usermeta","size":65536,"rows":"27"},{"name":"ax4bs2_users","size":65536,"rows":"2"},{"name":"ax4bs2_wc_admin_note_actions","size":65536,"rows":"71"},{"name":"ax4bs2_wc_admin_notes","size":65536,"rows":"55"},{"name":"ax4bs2_wc_order_stats","size":65536,"rows":"0"},{"name":"ax4bs2_yoast_indexable_hierarchy","size":65536,"rows":"29"},{"name":"ax4bs2_mailpoet_statistics_woocommerce_purchases","size":81920,"rows":"0"},{"name":"ax4bs2_wc_order_product_lookup","size":81920,"rows":"0"},{"name":"ax4bs2_woocommerce_downloadable_product_permissions","size":81920,"rows":"0"},{"name":"ax4bs2_woocommerce_tax_rates","size":81920,"rows":"0"},{"name":"ax4bs2_yoast_seo_links","size":81920,"rows":"163"},{"name":"ax4bs2_imagify_files","size":98304,"rows":"0"},{"name":"ax4bs2_mailpoet_automation_runs","size":98304,"rows":"0"},{"name":"ax4bs2_mailpoet_statistics_opens","size":98304,"rows":"0"},{"name":"ax4bs2_wpf_meta_data","size":98304,"rows":"20"},{"name":"ax4bs2_comments","size":114688,"rows":"2"},{"name":"ax4bs2_wc_product_meta_lookup","size":114688,"rows":"4"},{"name":"ax4bs2_yoast_indexable","size":114688,"rows":"32"},{"name":"ax4bs2_actionscheduler_actions","size":131072,"rows":"23"},{"name":"ax4bs2_mailpoet_subscribers","size":262144,"rows":"2"},{"name":"ax4bs2_gla_budget_recommendations","size":376832,"rows":"3077"},{"name":"ax4bs2_posts","size":1654784,"rows":"220"},{"name":"ax4bs2_postmeta","size":1671168,"rows":"985"},{"name":"ax4bs2_mailpoet_newsletter_templates","size":2637824,"rows":"78"},{"name":"ax4bs2_options","size":5390336,"rows":"1479"}],"dump_db":1,"file_type":"databases","home_url":"https:\/\/ax4bs2.scan-plast.net","root_flag":"custom","php_version":"8.0.29","mysql_version":"10.3.39","wp_version":"6.2.2","file":"ax4bs2.scan-plast.net_wpvivid-64c11fe84fdfb_2023-07-26-16-30_backup_db.part001.zip"}